,eval_win_rate,algo,step,scenario
0,0.03,BPPO,400000.0,academy_3_vs_1_with_keeper
1,0.02,BPPO,800000.0,academy_3_vs_1_with_keeper
2,0.04,BPPO,1200000.0,academy_3_vs_1_with_keeper
3,0.03,BPPO,1600000.0,academy_3_vs_1_with_keeper
4,0.04,BPPO,2000000.0,academy_3_vs_1_with_keeper
5,0.05,BPPO,2400000.0,academy_3_vs_1_with_keeper
6,0.01,BPPO,2800000.0,academy_3_vs_1_with_keeper
7,0.01,BPPO,3200000.0,academy_3_vs_1_with_keeper
8,0.06,BPPO,3600000.0,academy_3_vs_1_with_keeper
9,0.02,BPPO,4000000.0,academy_3_vs_1_with_keeper
10,0.15,BPPO,4400000.0,academy_3_vs_1_with_keeper
11,0.25,BPPO,4800000.0,academy_3_vs_1_with_keeper
12,0.31,BPPO,5200000.0,academy_3_vs_1_with_keeper
13,0.24,BPPO,5600000.0,academy_3_vs_1_with_keeper
14,0.3,BPPO,6000000.0,academy_3_vs_1_with_keeper
15,0.65,BPPO,6400000.0,academy_3_vs_1_with_keeper
16,0.72,BPPO,6800000.0,academy_3_vs_1_with_keeper
17,0.83,BPPO,7200000.0,academy_3_vs_1_with_keeper
18,0.7,BPPO,7600000.0,academy_3_vs_1_with_keeper
19,0.61,BPPO,8000000.0,academy_3_vs_1_with_keeper
20,0.7,BPPO,8400000.0,academy_3_vs_1_with_keeper
21,0.68,BPPO,8800000.0,academy_3_vs_1_with_keeper
22,0.87,BPPO,9200000.0,academy_3_vs_1_with_keeper
23,0.89,BPPO,9600000.0,academy_3_vs_1_with_keeper
24,0.69,BPPO,10000000.0,academy_3_vs_1_with_keeper
25,0.77,BPPO,10400000.0,academy_3_vs_1_with_keeper
26,0.8,BPPO,10800000.0,academy_3_vs_1_with_keeper
27,0.78,BPPO,11200000.0,academy_3_vs_1_with_keeper
28,0.83,BPPO,11600000.0,academy_3_vs_1_with_keeper
29,0.86,BPPO,12000000.0,academy_3_vs_1_with_keeper
30,0.74,BPPO,12400000.0,academy_3_vs_1_with_keeper
31,0.89,BPPO,12800000.0,academy_3_vs_1_with_keeper
32,0.67,BPPO,13200000.0,academy_3_vs_1_with_keeper
33,0.84,BPPO,13600000.0,academy_3_vs_1_with_keeper
34,0.9,BPPO,14000000.0,academy_3_vs_1_with_keeper
35,0.85,BPPO,14400000.0,academy_3_vs_1_with_keeper
36,0.82,BPPO,14800000.0,academy_3_vs_1_with_keeper
37,0.85,BPPO,15200000.0,academy_3_vs_1_with_keeper
38,0.9,BPPO,15600000.0,academy_3_vs_1_with_keeper
39,0.82,BPPO,16000000.0,academy_3_vs_1_with_keeper
40,0.73,BPPO,16400000.0,academy_3_vs_1_with_keeper
41,0.93,BPPO,16800000.0,academy_3_vs_1_with_keeper
42,0.89,BPPO,17200000.0,academy_3_vs_1_with_keeper
43,0.85,BPPO,17600000.0,academy_3_vs_1_with_keeper
44,0.85,BPPO,18000000.0,academy_3_vs_1_with_keeper
45,0.88,BPPO,18400000.0,academy_3_vs_1_with_keeper
46,0.69,BPPO,18800000.0,academy_3_vs_1_with_keeper
47,0.89,BPPO,19200000.0,academy_3_vs_1_with_keeper
48,0.85,BPPO,19600000.0,academy_3_vs_1_with_keeper
49,0.82,BPPO,20000000.0,academy_3_vs_1_with_keeper
0,0.03,BPPO,400000.0,academy_3_vs_1_with_keeper
1,0.02,BPPO,800000.0,academy_3_vs_1_with_keeper
2,0.1,BPPO,1200000.0,academy_3_vs_1_with_keeper
3,0.32,BPPO,1600000.0,academy_3_vs_1_with_keeper
4,0.27,BPPO,2000000.0,academy_3_vs_1_with_keeper
5,0.55,BPPO,2400000.0,academy_3_vs_1_with_keeper
6,0.52,BPPO,2800000.0,academy_3_vs_1_with_keeper
7,0.59,BPPO,3200000.0,academy_3_vs_1_with_keeper
8,0.48,BPPO,3600000.0,academy_3_vs_1_with_keeper
9,0.6,BPPO,4000000.0,academy_3_vs_1_with_keeper
10,0.57,BPPO,4400000.0,academy_3_vs_1_with_keeper
11,0.5,BPPO,4800000.0,academy_3_vs_1_with_keeper
12,0.55,BPPO,5200000.0,academy_3_vs_1_with_keeper
13,0.68,BPPO,5600000.0,academy_3_vs_1_with_keeper
14,0.65,BPPO,6000000.0,academy_3_vs_1_with_keeper
15,0.75,BPPO,6400000.0,academy_3_vs_1_with_keeper
16,0.73,BPPO,6800000.0,academy_3_vs_1_with_keeper
17,0.66,BPPO,7200000.0,academy_3_vs_1_with_keeper
18,0.7,BPPO,7600000.0,academy_3_vs_1_with_keeper
19,0.71,BPPO,8000000.0,academy_3_vs_1_with_keeper
20,0.67,BPPO,8400000.0,academy_3_vs_1_with_keeper
21,0.66,BPPO,8800000.0,academy_3_vs_1_with_keeper
22,0.67,BPPO,9200000.0,academy_3_vs_1_with_keeper
23,0.75,BPPO,9600000.0,academy_3_vs_1_with_keeper
24,0.82,BPPO,10000000.0,academy_3_vs_1_with_keeper
25,0.69,BPPO,10400000.0,academy_3_vs_1_with_keeper
26,0.76,BPPO,10800000.0,academy_3_vs_1_with_keeper
27,0.78,BPPO,11200000.0,academy_3_vs_1_with_keeper
28,0.77,BPPO,11600000.0,academy_3_vs_1_with_keeper
29,0.71,BPPO,12000000.0,academy_3_vs_1_with_keeper
30,0.72,BPPO,12400000.0,academy_3_vs_1_with_keeper
31,0.78,BPPO,12800000.0,academy_3_vs_1_with_keeper
32,0.69,BPPO,13200000.0,academy_3_vs_1_with_keeper
33,0.7,BPPO,13600000.0,academy_3_vs_1_with_keeper
34,0.75,BPPO,14000000.0,academy_3_vs_1_with_keeper
35,0.75,BPPO,14400000.0,academy_3_vs_1_with_keeper
36,0.69,BPPO,14800000.0,academy_3_vs_1_with_keeper
37,0.76,BPPO,15200000.0,academy_3_vs_1_with_keeper
38,0.84,BPPO,15600000.0,academy_3_vs_1_with_keeper
39,0.68,BPPO,16000000.0,academy_3_vs_1_with_keeper
40,0.68,BPPO,16400000.0,academy_3_vs_1_with_keeper
41,0.75,BPPO,16800000.0,academy_3_vs_1_with_keeper
42,0.77,BPPO,17200000.0,academy_3_vs_1_with_keeper
43,0.64,BPPO,17600000.0,academy_3_vs_1_with_keeper
44,0.76,BPPO,18000000.0,academy_3_vs_1_with_keeper
45,0.74,BPPO,18400000.0,academy_3_vs_1_with_keeper
46,0.72,BPPO,18800000.0,academy_3_vs_1_with_keeper
47,0.8,BPPO,19200000.0,academy_3_vs_1_with_keeper
48,0.73,BPPO,19600000.0,academy_3_vs_1_with_keeper
49,0.79,BPPO,20000000.0,academy_3_vs_1_with_keeper
0,0.03,BPPO,400000.0,academy_3_vs_1_with_keeper
1,0.11,BPPO,800000.0,academy_3_vs_1_with_keeper
2,0.15,BPPO,1200000.0,academy_3_vs_1_with_keeper
3,0.34,BPPO,1600000.0,academy_3_vs_1_with_keeper
4,0.54,BPPO,2000000.0,academy_3_vs_1_with_keeper
5,0.53,BPPO,2400000.0,academy_3_vs_1_with_keeper
6,0.5,BPPO,2800000.0,academy_3_vs_1_with_keeper
7,0.56,BPPO,3200000.0,academy_3_vs_1_with_keeper
8,0.69,BPPO,3600000.0,academy_3_vs_1_with_keeper
9,0.54,BPPO,4000000.0,academy_3_vs_1_with_keeper
10,0.58,BPPO,4400000.0,academy_3_vs_1_with_keeper
11,0.62,BPPO,4800000.0,academy_3_vs_1_with_keeper
12,0.45,BPPO,5200000.0,academy_3_vs_1_with_keeper
13,0.68,BPPO,5600000.0,academy_3_vs_1_with_keeper
14,0.61,BPPO,6000000.0,academy_3_vs_1_with_keeper
15,0.61,BPPO,6400000.0,academy_3_vs_1_with_keeper
16,0.65,BPPO,6800000.0,academy_3_vs_1_with_keeper
17,0.75,BPPO,7200000.0,academy_3_vs_1_with_keeper
18,0.75,BPPO,7600000.0,academy_3_vs_1_with_keeper
19,0.69,BPPO,8000000.0,academy_3_vs_1_with_keeper
20,0.68,BPPO,8400000.0,academy_3_vs_1_with_keeper
21,0.79,BPPO,8800000.0,academy_3_vs_1_with_keeper
22,0.61,BPPO,9200000.0,academy_3_vs_1_with_keeper
23,0.62,BPPO,9600000.0,academy_3_vs_1_with_keeper
24,0.63,BPPO,10000000.0,academy_3_vs_1_with_keeper
25,0.61,BPPO,10400000.0,academy_3_vs_1_with_keeper
26,0.6,BPPO,10800000.0,academy_3_vs_1_with_keeper
27,0.74,BPPO,11200000.0,academy_3_vs_1_with_keeper
28,0.65,BPPO,11600000.0,academy_3_vs_1_with_keeper
29,0.74,BPPO,12000000.0,academy_3_vs_1_with_keeper
30,0.66,BPPO,12400000.0,academy_3_vs_1_with_keeper
31,0.67,BPPO,12800000.0,academy_3_vs_1_with_keeper
32,0.7,BPPO,13200000.0,academy_3_vs_1_with_keeper
33,0.77,BPPO,13600000.0,academy_3_vs_1_with_keeper
34,0.65,BPPO,14000000.0,academy_3_vs_1_with_keeper
35,0.67,BPPO,14400000.0,academy_3_vs_1_with_keeper
36,0.67,BPPO,14800000.0,academy_3_vs_1_with_keeper
37,0.7,BPPO,15200000.0,academy_3_vs_1_with_keeper
38,0.75,BPPO,15600000.0,academy_3_vs_1_with_keeper
39,0.7,BPPO,16000000.0,academy_3_vs_1_with_keeper
40,0.83,BPPO,16400000.0,academy_3_vs_1_with_keeper
41,0.77,BPPO,16800000.0,academy_3_vs_1_with_keeper
42,0.83,BPPO,17200000.0,academy_3_vs_1_with_keeper
43,0.76,BPPO,17600000.0,academy_3_vs_1_with_keeper
44,0.74,BPPO,18000000.0,academy_3_vs_1_with_keeper
45,0.74,BPPO,18400000.0,academy_3_vs_1_with_keeper
46,0.83,BPPO,18800000.0,academy_3_vs_1_with_keeper
47,0.74,BPPO,19200000.0,academy_3_vs_1_with_keeper
48,0.77,BPPO,19600000.0,academy_3_vs_1_with_keeper
49,0.71,BPPO,20000000.0,academy_3_vs_1_with_keeper
0,0.01,BPPO,400000.0,academy_3_vs_1_with_keeper
1,0.22,BPPO,800000.0,academy_3_vs_1_with_keeper
2,0.35,BPPO,1200000.0,academy_3_vs_1_with_keeper
3,0.37,BPPO,1600000.0,academy_3_vs_1_with_keeper
4,0.43,BPPO,2000000.0,academy_3_vs_1_with_keeper
5,0.53,BPPO,2400000.0,academy_3_vs_1_with_keeper
6,0.54,BPPO,2800000.0,academy_3_vs_1_with_keeper
7,0.63,BPPO,3200000.0,academy_3_vs_1_with_keeper
8,0.77,BPPO,3600000.0,academy_3_vs_1_with_keeper
9,0.8,BPPO,4000000.0,academy_3_vs_1_with_keeper
10,0.77,BPPO,4400000.0,academy_3_vs_1_with_keeper
11,0.75,BPPO,4800000.0,academy_3_vs_1_with_keeper
12,0.82,BPPO,5200000.0,academy_3_vs_1_with_keeper
13,0.7,BPPO,5600000.0,academy_3_vs_1_with_keeper
14,0.58,BPPO,6000000.0,academy_3_vs_1_with_keeper
15,0.81,BPPO,6400000.0,academy_3_vs_1_with_keeper
16,0.85,BPPO,6800000.0,academy_3_vs_1_with_keeper
17,0.73,BPPO,7200000.0,academy_3_vs_1_with_keeper
18,0.77,BPPO,7600000.0,academy_3_vs_1_with_keeper
19,0.78,BPPO,8000000.0,academy_3_vs_1_with_keeper
20,0.79,BPPO,8400000.0,academy_3_vs_1_with_keeper
21,0.82,BPPO,8800000.0,academy_3_vs_1_with_keeper
22,0.76,BPPO,9200000.0,academy_3_vs_1_with_keeper
23,0.74,BPPO,9600000.0,academy_3_vs_1_with_keeper
24,0.67,BPPO,10000000.0,academy_3_vs_1_with_keeper
25,0.81,BPPO,10400000.0,academy_3_vs_1_with_keeper
26,0.78,BPPO,10800000.0,academy_3_vs_1_with_keeper
27,0.81,BPPO,11200000.0,academy_3_vs_1_with_keeper
28,0.88,BPPO,11600000.0,academy_3_vs_1_with_keeper
29,0.79,BPPO,12000000.0,academy_3_vs_1_with_keeper
30,0.59,BPPO,12400000.0,academy_3_vs_1_with_keeper
31,0.84,BPPO,12800000.0,academy_3_vs_1_with_keeper
32,0.81,BPPO,13200000.0,academy_3_vs_1_with_keeper
33,0.72,BPPO,13600000.0,academy_3_vs_1_with_keeper
34,0.78,BPPO,14000000.0,academy_3_vs_1_with_keeper
35,0.84,BPPO,14400000.0,academy_3_vs_1_with_keeper
36,0.88,BPPO,14800000.0,academy_3_vs_1_with_keeper
37,0.9,BPPO,15200000.0,academy_3_vs_1_with_keeper
38,0.81,BPPO,15600000.0,academy_3_vs_1_with_keeper
39,0.78,BPPO,16000000.0,academy_3_vs_1_with_keeper
40,0.81,BPPO,16400000.0,academy_3_vs_1_with_keeper
41,0.89,BPPO,16800000.0,academy_3_vs_1_with_keeper
42,0.76,BPPO,17200000.0,academy_3_vs_1_with_keeper
43,0.8,BPPO,17600000.0,academy_3_vs_1_with_keeper
44,0.8,BPPO,18000000.0,academy_3_vs_1_with_keeper
45,0.74,BPPO,18400000.0,academy_3_vs_1_with_keeper
46,0.62,BPPO,18800000.0,academy_3_vs_1_with_keeper
47,0.45,BPPO,19200000.0,academy_3_vs_1_with_keeper
48,0.61,BPPO,19600000.0,academy_3_vs_1_with_keeper
49,0.75,BPPO,20000000.0,academy_3_vs_1_with_keeper
0,0.02,BPPO,400000.0,academy_3_vs_1_with_keeper
1,0.05,BPPO,800000.0,academy_3_vs_1_with_keeper
2,0.05,BPPO,1200000.0,academy_3_vs_1_with_keeper
3,0.32,BPPO,1600000.0,academy_3_vs_1_with_keeper
4,0.42,BPPO,2000000.0,academy_3_vs_1_with_keeper
5,0.32,BPPO,2400000.0,academy_3_vs_1_with_keeper
6,0.29,BPPO,2800000.0,academy_3_vs_1_with_keeper
7,0.43,BPPO,3200000.0,academy_3_vs_1_with_keeper
8,0.42,BPPO,3600000.0,academy_3_vs_1_with_keeper
9,0.51,BPPO,4000000.0,academy_3_vs_1_with_keeper
10,0.51,BPPO,4400000.0,academy_3_vs_1_with_keeper
11,0.33,BPPO,4800000.0,academy_3_vs_1_with_keeper
12,0.43,BPPO,5200000.0,academy_3_vs_1_with_keeper
13,0.63,BPPO,5600000.0,academy_3_vs_1_with_keeper
14,0.63,BPPO,6000000.0,academy_3_vs_1_with_keeper
15,0.69,BPPO,6400000.0,academy_3_vs_1_with_keeper
16,0.57,BPPO,6800000.0,academy_3_vs_1_with_keeper
17,0.66,BPPO,7200000.0,academy_3_vs_1_with_keeper
18,0.64,BPPO,7600000.0,academy_3_vs_1_with_keeper
19,0.66,BPPO,8000000.0,academy_3_vs_1_with_keeper
20,0.7,BPPO,8400000.0,academy_3_vs_1_with_keeper
21,0.58,BPPO,8800000.0,academy_3_vs_1_with_keeper
22,0.66,BPPO,9200000.0,academy_3_vs_1_with_keeper
23,0.63,BPPO,9600000.0,academy_3_vs_1_with_keeper
24,0.72,BPPO,10000000.0,academy_3_vs_1_with_keeper
25,0.72,BPPO,10400000.0,academy_3_vs_1_with_keeper
26,0.65,BPPO,10800000.0,academy_3_vs_1_with_keeper
27,0.64,BPPO,11200000.0,academy_3_vs_1_with_keeper
28,0.66,BPPO,11600000.0,academy_3_vs_1_with_keeper
29,0.64,BPPO,12000000.0,academy_3_vs_1_with_keeper
30,0.71,BPPO,12400000.0,academy_3_vs_1_with_keeper
31,0.69,BPPO,12800000.0,academy_3_vs_1_with_keeper
32,0.72,BPPO,13200000.0,academy_3_vs_1_with_keeper
33,0.62,BPPO,13600000.0,academy_3_vs_1_with_keeper
34,0.6,BPPO,14000000.0,academy_3_vs_1_with_keeper
35,0.7,BPPO,14400000.0,academy_3_vs_1_with_keeper
36,0.71,BPPO,14800000.0,academy_3_vs_1_with_keeper
37,0.68,BPPO,15200000.0,academy_3_vs_1_with_keeper
38,0.67,BPPO,15600000.0,academy_3_vs_1_with_keeper
39,0.72,BPPO,16000000.0,academy_3_vs_1_with_keeper
40,0.71,BPPO,16400000.0,academy_3_vs_1_with_keeper
41,0.73,BPPO,16800000.0,academy_3_vs_1_with_keeper
42,0.75,BPPO,17200000.0,academy_3_vs_1_with_keeper
43,0.7,BPPO,17600000.0,academy_3_vs_1_with_keeper
44,0.69,BPPO,18000000.0,academy_3_vs_1_with_keeper
45,0.77,BPPO,18400000.0,academy_3_vs_1_with_keeper
46,0.71,BPPO,18800000.0,academy_3_vs_1_with_keeper
47,0.73,BPPO,19200000.0,academy_3_vs_1_with_keeper
48,0.7,BPPO,19600000.0,academy_3_vs_1_with_keeper
49,0.7,BPPO,20000000.0,academy_3_vs_1_with_keeper
0,0.04,ARMAPPO,400000.0,academy_3_vs_1_with_keeper
1,0.01,ARMAPPO,800000.0,academy_3_vs_1_with_keeper
2,0.3,ARMAPPO,1200000.0,academy_3_vs_1_with_keeper
3,0.46,ARMAPPO,1600000.0,academy_3_vs_1_with_keeper
4,0.49,ARMAPPO,2000000.0,academy_3_vs_1_with_keeper
5,0.56,ARMAPPO,2400000.0,academy_3_vs_1_with_keeper
6,0.71,ARMAPPO,2800000.0,academy_3_vs_1_with_keeper
7,0.59,ARMAPPO,3200000.0,academy_3_vs_1_with_keeper
8,0.75,ARMAPPO,3600000.0,academy_3_vs_1_with_keeper
9,0.61,ARMAPPO,4000000.0,academy_3_vs_1_with_keeper
10,0.72,ARMAPPO,4400000.0,academy_3_vs_1_with_keeper
11,0.75,ARMAPPO,4800000.0,academy_3_vs_1_with_keeper
12,0.72,ARMAPPO,5200000.0,academy_3_vs_1_with_keeper
13,0.69,ARMAPPO,5600000.0,academy_3_vs_1_with_keeper
14,0.79,ARMAPPO,6000000.0,academy_3_vs_1_with_keeper
15,0.68,ARMAPPO,6400000.0,academy_3_vs_1_with_keeper
16,0.46,ARMAPPO,6800000.0,academy_3_vs_1_with_keeper
17,0.57,ARMAPPO,7200000.0,academy_3_vs_1_with_keeper
18,0.73,ARMAPPO,7600000.0,academy_3_vs_1_with_keeper
19,0.68,ARMAPPO,8000000.0,academy_3_vs_1_with_keeper
20,0.7,ARMAPPO,8400000.0,academy_3_vs_1_with_keeper
21,0.82,ARMAPPO,8800000.0,academy_3_vs_1_with_keeper
22,0.47,ARMAPPO,9200000.0,academy_3_vs_1_with_keeper
23,0.55,ARMAPPO,9600000.0,academy_3_vs_1_with_keeper
24,0.64,ARMAPPO,10000000.0,academy_3_vs_1_with_keeper
25,0.77,ARMAPPO,10400000.0,academy_3_vs_1_with_keeper
26,0.44,ARMAPPO,10800000.0,academy_3_vs_1_with_keeper
27,0.75,ARMAPPO,11200000.0,academy_3_vs_1_with_keeper
28,0.73,ARMAPPO,11600000.0,academy_3_vs_1_with_keeper
29,0.7,ARMAPPO,12000000.0,academy_3_vs_1_with_keeper
30,0.69,ARMAPPO,12400000.0,academy_3_vs_1_with_keeper
31,0.69,ARMAPPO,12800000.0,academy_3_vs_1_with_keeper
32,0.71,ARMAPPO,13200000.0,academy_3_vs_1_with_keeper
33,0.57,ARMAPPO,13600000.0,academy_3_vs_1_with_keeper
34,0.72,ARMAPPO,14000000.0,academy_3_vs_1_with_keeper
35,0.6,ARMAPPO,14400000.0,academy_3_vs_1_with_keeper
36,0.66,ARMAPPO,14800000.0,academy_3_vs_1_with_keeper
37,0.59,ARMAPPO,15200000.0,academy_3_vs_1_with_keeper
38,0.61,ARMAPPO,15600000.0,academy_3_vs_1_with_keeper
39,0.62,ARMAPPO,16000000.0,academy_3_vs_1_with_keeper
40,0.71,ARMAPPO,16400000.0,academy_3_vs_1_with_keeper
41,0.8,ARMAPPO,16800000.0,academy_3_vs_1_with_keeper
42,0.54,ARMAPPO,17200000.0,academy_3_vs_1_with_keeper
43,0.68,ARMAPPO,17600000.0,academy_3_vs_1_with_keeper
44,0.69,ARMAPPO,18000000.0,academy_3_vs_1_with_keeper
45,0.7,ARMAPPO,18400000.0,academy_3_vs_1_with_keeper
46,0.51,ARMAPPO,18800000.0,academy_3_vs_1_with_keeper
47,0.66,ARMAPPO,19200000.0,academy_3_vs_1_with_keeper
48,0.8,ARMAPPO,19600000.0,academy_3_vs_1_with_keeper
49,0.64,ARMAPPO,20000000.0,academy_3_vs_1_with_keeper
0,0.0,ARMAPPO,400000.0,academy_3_vs_1_with_keeper
1,0.07,ARMAPPO,800000.0,academy_3_vs_1_with_keeper
2,0.01,ARMAPPO,1200000.0,academy_3_vs_1_with_keeper
3,0.69,ARMAPPO,1600000.0,academy_3_vs_1_with_keeper
4,0.42,ARMAPPO,2000000.0,academy_3_vs_1_with_keeper
5,0.63,ARMAPPO,2400000.0,academy_3_vs_1_with_keeper
6,0.69,ARMAPPO,2800000.0,academy_3_vs_1_with_keeper
7,0.75,ARMAPPO,3200000.0,academy_3_vs_1_with_keeper
8,0.8,ARMAPPO,3600000.0,academy_3_vs_1_with_keeper
9,0.72,ARMAPPO,4000000.0,academy_3_vs_1_with_keeper
10,0.72,ARMAPPO,4400000.0,academy_3_vs_1_with_keeper
11,0.73,ARMAPPO,4800000.0,academy_3_vs_1_with_keeper
12,0.85,ARMAPPO,5200000.0,academy_3_vs_1_with_keeper
13,0.85,ARMAPPO,5600000.0,academy_3_vs_1_with_keeper
14,0.79,ARMAPPO,6000000.0,academy_3_vs_1_with_keeper
15,0.71,ARMAPPO,6400000.0,academy_3_vs_1_with_keeper
16,0.77,ARMAPPO,6800000.0,academy_3_vs_1_with_keeper
17,0.73,ARMAPPO,7200000.0,academy_3_vs_1_with_keeper
18,0.75,ARMAPPO,7600000.0,academy_3_vs_1_with_keeper
19,0.79,ARMAPPO,8000000.0,academy_3_vs_1_with_keeper
20,0.81,ARMAPPO,8400000.0,academy_3_vs_1_with_keeper
21,0.75,ARMAPPO,8800000.0,academy_3_vs_1_with_keeper
22,0.73,ARMAPPO,9200000.0,academy_3_vs_1_with_keeper
23,0.73,ARMAPPO,9600000.0,academy_3_vs_1_with_keeper
24,0.7,ARMAPPO,10000000.0,academy_3_vs_1_with_keeper
25,0.76,ARMAPPO,10400000.0,academy_3_vs_1_with_keeper
26,0.66,ARMAPPO,10800000.0,academy_3_vs_1_with_keeper
27,0.75,ARMAPPO,11200000.0,academy_3_vs_1_with_keeper
28,0.73,ARMAPPO,11600000.0,academy_3_vs_1_with_keeper
29,0.76,ARMAPPO,12000000.0,academy_3_vs_1_with_keeper
30,0.71,ARMAPPO,12400000.0,academy_3_vs_1_with_keeper
31,0.56,ARMAPPO,12800000.0,academy_3_vs_1_with_keeper
32,0.74,ARMAPPO,13200000.0,academy_3_vs_1_with_keeper
33,0.71,ARMAPPO,13600000.0,academy_3_vs_1_with_keeper
34,0.69,ARMAPPO,14000000.0,academy_3_vs_1_with_keeper
35,0.82,ARMAPPO,14400000.0,academy_3_vs_1_with_keeper
36,0.87,ARMAPPO,14800000.0,academy_3_vs_1_with_keeper
37,0.86,ARMAPPO,15200000.0,academy_3_vs_1_with_keeper
38,0.84,ARMAPPO,15600000.0,academy_3_vs_1_with_keeper
39,0.84,ARMAPPO,16000000.0,academy_3_vs_1_with_keeper
40,0.73,ARMAPPO,16400000.0,academy_3_vs_1_with_keeper
41,0.8,ARMAPPO,16800000.0,academy_3_vs_1_with_keeper
42,0.77,ARMAPPO,17200000.0,academy_3_vs_1_with_keeper
43,0.77,ARMAPPO,17600000.0,academy_3_vs_1_with_keeper
44,0.67,ARMAPPO,18000000.0,academy_3_vs_1_with_keeper
45,0.85,ARMAPPO,18400000.0,academy_3_vs_1_with_keeper
46,0.8,ARMAPPO,18800000.0,academy_3_vs_1_with_keeper
47,0.83,ARMAPPO,19200000.0,academy_3_vs_1_with_keeper
48,0.81,ARMAPPO,19600000.0,academy_3_vs_1_with_keeper
49,0.84,ARMAPPO,20000000.0,academy_3_vs_1_with_keeper
0,0.0,ARMAPPO,400000.0,academy_3_vs_1_with_keeper
1,0.12,ARMAPPO,800000.0,academy_3_vs_1_with_keeper
2,0.29,ARMAPPO,1200000.0,academy_3_vs_1_with_keeper
3,0.37,ARMAPPO,1600000.0,academy_3_vs_1_with_keeper
4,0.36,ARMAPPO,2000000.0,academy_3_vs_1_with_keeper
5,0.52,ARMAPPO,2400000.0,academy_3_vs_1_with_keeper
6,0.63,ARMAPPO,2800000.0,academy_3_vs_1_with_keeper
7,0.61,ARMAPPO,3200000.0,academy_3_vs_1_with_keeper
8,0.63,ARMAPPO,3600000.0,academy_3_vs_1_with_keeper
9,0.56,ARMAPPO,4000000.0,academy_3_vs_1_with_keeper
10,0.52,ARMAPPO,4400000.0,academy_3_vs_1_with_keeper
11,0.6,ARMAPPO,4800000.0,academy_3_vs_1_with_keeper
12,0.78,ARMAPPO,5200000.0,academy_3_vs_1_with_keeper
13,0.76,ARMAPPO,5600000.0,academy_3_vs_1_with_keeper
14,0.58,ARMAPPO,6000000.0,academy_3_vs_1_with_keeper
15,0.77,ARMAPPO,6400000.0,academy_3_vs_1_with_keeper
16,0.66,ARMAPPO,6800000.0,academy_3_vs_1_with_keeper
17,0.79,ARMAPPO,7200000.0,academy_3_vs_1_with_keeper
18,0.69,ARMAPPO,7600000.0,academy_3_vs_1_with_keeper
19,0.8,ARMAPPO,8000000.0,academy_3_vs_1_with_keeper
20,0.7,ARMAPPO,8400000.0,academy_3_vs_1_with_keeper
21,0.77,ARMAPPO,8800000.0,academy_3_vs_1_with_keeper
22,0.79,ARMAPPO,9200000.0,academy_3_vs_1_with_keeper
23,0.79,ARMAPPO,9600000.0,academy_3_vs_1_with_keeper
24,0.81,ARMAPPO,10000000.0,academy_3_vs_1_with_keeper
25,0.67,ARMAPPO,10400000.0,academy_3_vs_1_with_keeper
26,0.76,ARMAPPO,10800000.0,academy_3_vs_1_with_keeper
27,0.77,ARMAPPO,11200000.0,academy_3_vs_1_with_keeper
28,0.68,ARMAPPO,11600000.0,academy_3_vs_1_with_keeper
29,0.79,ARMAPPO,12000000.0,academy_3_vs_1_with_keeper
30,0.84,ARMAPPO,12400000.0,academy_3_vs_1_with_keeper
31,0.81,ARMAPPO,12800000.0,academy_3_vs_1_with_keeper
32,0.83,ARMAPPO,13200000.0,academy_3_vs_1_with_keeper
33,0.78,ARMAPPO,13600000.0,academy_3_vs_1_with_keeper
34,0.73,ARMAPPO,14000000.0,academy_3_vs_1_with_keeper
35,0.72,ARMAPPO,14400000.0,academy_3_vs_1_with_keeper
36,0.79,ARMAPPO,14800000.0,academy_3_vs_1_with_keeper
37,0.74,ARMAPPO,15200000.0,academy_3_vs_1_with_keeper
38,0.74,ARMAPPO,15600000.0,academy_3_vs_1_with_keeper
39,0.74,ARMAPPO,16000000.0,academy_3_vs_1_with_keeper
40,0.8,ARMAPPO,16400000.0,academy_3_vs_1_with_keeper
41,0.84,ARMAPPO,16800000.0,academy_3_vs_1_with_keeper
42,0.82,ARMAPPO,17200000.0,academy_3_vs_1_with_keeper
43,0.73,ARMAPPO,17600000.0,academy_3_vs_1_with_keeper
44,0.77,ARMAPPO,18000000.0,academy_3_vs_1_with_keeper
45,0.74,ARMAPPO,18400000.0,academy_3_vs_1_with_keeper
46,0.81,ARMAPPO,18800000.0,academy_3_vs_1_with_keeper
47,0.86,ARMAPPO,19200000.0,academy_3_vs_1_with_keeper
48,0.78,ARMAPPO,19600000.0,academy_3_vs_1_with_keeper
49,0.82,ARMAPPO,20000000.0,academy_3_vs_1_with_keeper
0,0.0,ARMAPPO,400000.0,academy_3_vs_1_with_keeper
1,0.04,ARMAPPO,800000.0,academy_3_vs_1_with_keeper
2,0.59,ARMAPPO,1200000.0,academy_3_vs_1_with_keeper
3,0.6,ARMAPPO,1600000.0,academy_3_vs_1_with_keeper
4,0.75,ARMAPPO,2000000.0,academy_3_vs_1_with_keeper
5,0.67,ARMAPPO,2400000.0,academy_3_vs_1_with_keeper
6,0.81,ARMAPPO,2800000.0,academy_3_vs_1_with_keeper
7,0.69,ARMAPPO,3200000.0,academy_3_vs_1_with_keeper
8,0.74,ARMAPPO,3600000.0,academy_3_vs_1_with_keeper
9,0.81,ARMAPPO,4000000.0,academy_3_vs_1_with_keeper
10,0.76,ARMAPPO,4400000.0,academy_3_vs_1_with_keeper
11,0.78,ARMAPPO,4800000.0,academy_3_vs_1_with_keeper
12,0.73,ARMAPPO,5200000.0,academy_3_vs_1_with_keeper
13,0.77,ARMAPPO,5600000.0,academy_3_vs_1_with_keeper
14,0.86,ARMAPPO,6000000.0,academy_3_vs_1_with_keeper
15,0.87,ARMAPPO,6400000.0,academy_3_vs_1_with_keeper
16,0.87,ARMAPPO,6800000.0,academy_3_vs_1_with_keeper
17,0.8,ARMAPPO,7200000.0,academy_3_vs_1_with_keeper
18,0.83,ARMAPPO,7600000.0,academy_3_vs_1_with_keeper
19,0.55,ARMAPPO,8000000.0,academy_3_vs_1_with_keeper
20,0.83,ARMAPPO,8400000.0,academy_3_vs_1_with_keeper
21,0.91,ARMAPPO,8800000.0,academy_3_vs_1_with_keeper
22,0.88,ARMAPPO,9200000.0,academy_3_vs_1_with_keeper
23,0.83,ARMAPPO,9600000.0,academy_3_vs_1_with_keeper
24,0.9,ARMAPPO,10000000.0,academy_3_vs_1_with_keeper
25,0.83,ARMAPPO,10400000.0,academy_3_vs_1_with_keeper
26,0.87,ARMAPPO,10800000.0,academy_3_vs_1_with_keeper
27,0.77,ARMAPPO,11200000.0,academy_3_vs_1_with_keeper
28,0.75,ARMAPPO,11600000.0,academy_3_vs_1_with_keeper
29,0.86,ARMAPPO,12000000.0,academy_3_vs_1_with_keeper
30,0.85,ARMAPPO,12400000.0,academy_3_vs_1_with_keeper
31,0.88,ARMAPPO,12800000.0,academy_3_vs_1_with_keeper
32,0.8,ARMAPPO,13200000.0,academy_3_vs_1_with_keeper
33,0.81,ARMAPPO,13600000.0,academy_3_vs_1_with_keeper
34,0.88,ARMAPPO,14000000.0,academy_3_vs_1_with_keeper
35,0.77,ARMAPPO,14400000.0,academy_3_vs_1_with_keeper
36,0.81,ARMAPPO,14800000.0,academy_3_vs_1_with_keeper
37,0.82,ARMAPPO,15200000.0,academy_3_vs_1_with_keeper
38,0.82,ARMAPPO,15600000.0,academy_3_vs_1_with_keeper
39,0.84,ARMAPPO,16000000.0,academy_3_vs_1_with_keeper
40,0.78,ARMAPPO,16400000.0,academy_3_vs_1_with_keeper
41,0.88,ARMAPPO,16800000.0,academy_3_vs_1_with_keeper
42,0.81,ARMAPPO,17200000.0,academy_3_vs_1_with_keeper
43,0.86,ARMAPPO,17600000.0,academy_3_vs_1_with_keeper
44,0.85,ARMAPPO,18000000.0,academy_3_vs_1_with_keeper
45,0.81,ARMAPPO,18400000.0,academy_3_vs_1_with_keeper
46,0.88,ARMAPPO,18800000.0,academy_3_vs_1_with_keeper
47,0.76,ARMAPPO,19200000.0,academy_3_vs_1_with_keeper
48,0.82,ARMAPPO,19600000.0,academy_3_vs_1_with_keeper
49,0.8,ARMAPPO,20000000.0,academy_3_vs_1_with_keeper
0,0.01,ARMAPPO,400000.0,academy_3_vs_1_with_keeper
1,0.0,ARMAPPO,800000.0,academy_3_vs_1_with_keeper
2,0.15,ARMAPPO,1200000.0,academy_3_vs_1_with_keeper
3,0.33,ARMAPPO,1600000.0,academy_3_vs_1_with_keeper
4,0.41,ARMAPPO,2000000.0,academy_3_vs_1_with_keeper
5,0.52,ARMAPPO,2400000.0,academy_3_vs_1_with_keeper
6,0.33,ARMAPPO,2800000.0,academy_3_vs_1_with_keeper
7,0.48,ARMAPPO,3200000.0,academy_3_vs_1_with_keeper
8,0.55,ARMAPPO,3600000.0,academy_3_vs_1_with_keeper
9,0.67,ARMAPPO,4000000.0,academy_3_vs_1_with_keeper
10,0.69,ARMAPPO,4400000.0,academy_3_vs_1_with_keeper
11,0.49,ARMAPPO,4800000.0,academy_3_vs_1_with_keeper
12,0.6,ARMAPPO,5200000.0,academy_3_vs_1_with_keeper
13,0.69,ARMAPPO,5600000.0,academy_3_vs_1_with_keeper
14,0.66,ARMAPPO,6000000.0,academy_3_vs_1_with_keeper
15,0.68,ARMAPPO,6400000.0,academy_3_vs_1_with_keeper
16,0.7,ARMAPPO,6800000.0,academy_3_vs_1_with_keeper
17,0.66,ARMAPPO,7200000.0,academy_3_vs_1_with_keeper
18,0.72,ARMAPPO,7600000.0,academy_3_vs_1_with_keeper
19,0.72,ARMAPPO,8000000.0,academy_3_vs_1_with_keeper
20,0.72,ARMAPPO,8400000.0,academy_3_vs_1_with_keeper
21,0.71,ARMAPPO,8800000.0,academy_3_vs_1_with_keeper
22,0.73,ARMAPPO,9200000.0,academy_3_vs_1_with_keeper
23,0.58,ARMAPPO,9600000.0,academy_3_vs_1_with_keeper
24,0.57,ARMAPPO,10000000.0,academy_3_vs_1_with_keeper
25,0.65,ARMAPPO,10400000.0,academy_3_vs_1_with_keeper
26,0.65,ARMAPPO,10800000.0,academy_3_vs_1_with_keeper
27,0.69,ARMAPPO,11200000.0,academy_3_vs_1_with_keeper
28,0.65,ARMAPPO,11600000.0,academy_3_vs_1_with_keeper
29,0.67,ARMAPPO,12000000.0,academy_3_vs_1_with_keeper
30,0.51,ARMAPPO,12400000.0,academy_3_vs_1_with_keeper
31,0.45,ARMAPPO,12800000.0,academy_3_vs_1_with_keeper
32,0.56,ARMAPPO,13200000.0,academy_3_vs_1_with_keeper
33,0.55,ARMAPPO,13600000.0,academy_3_vs_1_with_keeper
34,0.58,ARMAPPO,14000000.0,academy_3_vs_1_with_keeper
35,0.54,ARMAPPO,14400000.0,academy_3_vs_1_with_keeper
36,0.53,ARMAPPO,14800000.0,academy_3_vs_1_with_keeper
37,0.6,ARMAPPO,15200000.0,academy_3_vs_1_with_keeper
38,0.58,ARMAPPO,15600000.0,academy_3_vs_1_with_keeper
39,0.52,ARMAPPO,16000000.0,academy_3_vs_1_with_keeper
40,0.58,ARMAPPO,16400000.0,academy_3_vs_1_with_keeper
41,0.6,ARMAPPO,16800000.0,academy_3_vs_1_with_keeper
42,0.62,ARMAPPO,17200000.0,academy_3_vs_1_with_keeper
43,0.62,ARMAPPO,17600000.0,academy_3_vs_1_with_keeper
44,0.52,ARMAPPO,18000000.0,academy_3_vs_1_with_keeper
45,0.64,ARMAPPO,18400000.0,academy_3_vs_1_with_keeper
46,0.63,ARMAPPO,18800000.0,academy_3_vs_1_with_keeper
47,0.66,ARMAPPO,19200000.0,academy_3_vs_1_with_keeper
48,0.69,ARMAPPO,19600000.0,academy_3_vs_1_with_keeper
49,0.67,ARMAPPO,20000000.0,academy_3_vs_1_with_keeper
0,0.0,MAPPO,400000.0,academy_3_vs_1_with_keeper
1,0.25,MAPPO,800000.0,academy_3_vs_1_with_keeper
2,0.16,MAPPO,1200000.0,academy_3_vs_1_with_keeper
3,0.53,MAPPO,1600000.0,academy_3_vs_1_with_keeper
4,0.46,MAPPO,2000000.0,academy_3_vs_1_with_keeper
5,0.42,MAPPO,2400000.0,academy_3_vs_1_with_keeper
6,0.57,MAPPO,2800000.0,academy_3_vs_1_with_keeper
7,0.68,MAPPO,3200000.0,academy_3_vs_1_with_keeper
8,0.6,MAPPO,3600000.0,academy_3_vs_1_with_keeper
9,0.63,MAPPO,4000000.0,academy_3_vs_1_with_keeper
10,0.62,MAPPO,4400000.0,academy_3_vs_1_with_keeper
11,0.72,MAPPO,4800000.0,academy_3_vs_1_with_keeper
12,0.58,MAPPO,5200000.0,academy_3_vs_1_with_keeper
13,0.65,MAPPO,5600000.0,academy_3_vs_1_with_keeper
14,0.64,MAPPO,6000000.0,academy_3_vs_1_with_keeper
15,0.64,MAPPO,6400000.0,academy_3_vs_1_with_keeper
16,0.62,MAPPO,6800000.0,academy_3_vs_1_with_keeper
17,0.64,MAPPO,7200000.0,academy_3_vs_1_with_keeper
18,0.7,MAPPO,7600000.0,academy_3_vs_1_with_keeper
19,0.76,MAPPO,8000000.0,academy_3_vs_1_with_keeper
20,0.82,MAPPO,8400000.0,academy_3_vs_1_with_keeper
21,0.85,MAPPO,8800000.0,academy_3_vs_1_with_keeper
22,0.74,MAPPO,9200000.0,academy_3_vs_1_with_keeper
23,0.79,MAPPO,9600000.0,academy_3_vs_1_with_keeper
24,0.74,MAPPO,10000000.0,academy_3_vs_1_with_keeper
25,0.84,MAPPO,10400000.0,academy_3_vs_1_with_keeper
26,0.77,MAPPO,10800000.0,academy_3_vs_1_with_keeper
27,0.74,MAPPO,11200000.0,academy_3_vs_1_with_keeper
28,0.8,MAPPO,11600000.0,academy_3_vs_1_with_keeper
29,0.79,MAPPO,12000000.0,academy_3_vs_1_with_keeper
30,0.76,MAPPO,12400000.0,academy_3_vs_1_with_keeper
31,0.8,MAPPO,12800000.0,academy_3_vs_1_with_keeper
32,0.79,MAPPO,13200000.0,academy_3_vs_1_with_keeper
33,0.77,MAPPO,13600000.0,academy_3_vs_1_with_keeper
34,0.74,MAPPO,14000000.0,academy_3_vs_1_with_keeper
35,0.7,MAPPO,14400000.0,academy_3_vs_1_with_keeper
36,0.82,MAPPO,14800000.0,academy_3_vs_1_with_keeper
37,0.77,MAPPO,15200000.0,academy_3_vs_1_with_keeper
38,0.75,MAPPO,15600000.0,academy_3_vs_1_with_keeper
39,0.78,MAPPO,16000000.0,academy_3_vs_1_with_keeper
40,0.81,MAPPO,16400000.0,academy_3_vs_1_with_keeper
41,0.82,MAPPO,16800000.0,academy_3_vs_1_with_keeper
42,0.83,MAPPO,17200000.0,academy_3_vs_1_with_keeper
43,0.78,MAPPO,17600000.0,academy_3_vs_1_with_keeper
44,0.71,MAPPO,18000000.0,academy_3_vs_1_with_keeper
45,0.69,MAPPO,18400000.0,academy_3_vs_1_with_keeper
46,0.77,MAPPO,18800000.0,academy_3_vs_1_with_keeper
47,0.83,MAPPO,19200000.0,academy_3_vs_1_with_keeper
48,0.83,MAPPO,19600000.0,academy_3_vs_1_with_keeper
49,0.8,MAPPO,20000000.0,academy_3_vs_1_with_keeper
0,0.0,MAPPO,400000.0,academy_3_vs_1_with_keeper
1,0.0,MAPPO,800000.0,academy_3_vs_1_with_keeper
2,0.0,MAPPO,1200000.0,academy_3_vs_1_with_keeper
3,0.15,MAPPO,1600000.0,academy_3_vs_1_with_keeper
4,0.2,MAPPO,2000000.0,academy_3_vs_1_with_keeper
5,0.67,MAPPO,2400000.0,academy_3_vs_1_with_keeper
6,0.6,MAPPO,2800000.0,academy_3_vs_1_with_keeper
7,0.77,MAPPO,3200000.0,academy_3_vs_1_with_keeper
8,0.68,MAPPO,3600000.0,academy_3_vs_1_with_keeper
9,0.79,MAPPO,4000000.0,academy_3_vs_1_with_keeper
10,0.81,MAPPO,4400000.0,academy_3_vs_1_with_keeper
11,0.8,MAPPO,4800000.0,academy_3_vs_1_with_keeper
12,0.85,MAPPO,5200000.0,academy_3_vs_1_with_keeper
13,0.84,MAPPO,5600000.0,academy_3_vs_1_with_keeper
14,0.86,MAPPO,6000000.0,academy_3_vs_1_with_keeper
15,0.84,MAPPO,6400000.0,academy_3_vs_1_with_keeper
16,0.81,MAPPO,6800000.0,academy_3_vs_1_with_keeper
17,0.73,MAPPO,7200000.0,academy_3_vs_1_with_keeper
18,0.84,MAPPO,7600000.0,academy_3_vs_1_with_keeper
19,0.73,MAPPO,8000000.0,academy_3_vs_1_with_keeper
20,0.78,MAPPO,8400000.0,academy_3_vs_1_with_keeper
21,0.85,MAPPO,8800000.0,academy_3_vs_1_with_keeper
22,0.86,MAPPO,9200000.0,academy_3_vs_1_with_keeper
23,0.85,MAPPO,9600000.0,academy_3_vs_1_with_keeper
24,0.89,MAPPO,10000000.0,academy_3_vs_1_with_keeper
25,0.75,MAPPO,10400000.0,academy_3_vs_1_with_keeper
26,0.82,MAPPO,10800000.0,academy_3_vs_1_with_keeper
27,0.79,MAPPO,11200000.0,academy_3_vs_1_with_keeper
28,0.83,MAPPO,11600000.0,academy_3_vs_1_with_keeper
29,0.82,MAPPO,12000000.0,academy_3_vs_1_with_keeper
30,0.85,MAPPO,12400000.0,academy_3_vs_1_with_keeper
31,0.8,MAPPO,12800000.0,academy_3_vs_1_with_keeper
32,0.82,MAPPO,13200000.0,academy_3_vs_1_with_keeper
33,0.85,MAPPO,13600000.0,academy_3_vs_1_with_keeper
34,0.83,MAPPO,14000000.0,academy_3_vs_1_with_keeper
35,0.85,MAPPO,14400000.0,academy_3_vs_1_with_keeper
36,0.83,MAPPO,14800000.0,academy_3_vs_1_with_keeper
37,0.77,MAPPO,15200000.0,academy_3_vs_1_with_keeper
38,0.82,MAPPO,15600000.0,academy_3_vs_1_with_keeper
39,0.91,MAPPO,16000000.0,academy_3_vs_1_with_keeper
40,0.8,MAPPO,16400000.0,academy_3_vs_1_with_keeper
41,0.89,MAPPO,16800000.0,academy_3_vs_1_with_keeper
42,0.85,MAPPO,17200000.0,academy_3_vs_1_with_keeper
43,0.87,MAPPO,17600000.0,academy_3_vs_1_with_keeper
44,0.91,MAPPO,18000000.0,academy_3_vs_1_with_keeper
45,0.84,MAPPO,18400000.0,academy_3_vs_1_with_keeper
46,0.88,MAPPO,18800000.0,academy_3_vs_1_with_keeper
47,0.8,MAPPO,19200000.0,academy_3_vs_1_with_keeper
48,0.84,MAPPO,19600000.0,academy_3_vs_1_with_keeper
49,0.87,MAPPO,20000000.0,academy_3_vs_1_with_keeper
0,0.0,MAPPO,400000.0,academy_3_vs_1_with_keeper
1,0.02,MAPPO,800000.0,academy_3_vs_1_with_keeper
2,0.08,MAPPO,1200000.0,academy_3_vs_1_with_keeper
3,0.06,MAPPO,1600000.0,academy_3_vs_1_with_keeper
4,0.24,MAPPO,2000000.0,academy_3_vs_1_with_keeper
5,0.26,MAPPO,2400000.0,academy_3_vs_1_with_keeper
6,0.4,MAPPO,2800000.0,academy_3_vs_1_with_keeper
7,0.38,MAPPO,3200000.0,academy_3_vs_1_with_keeper
8,0.48,MAPPO,3600000.0,academy_3_vs_1_with_keeper
9,0.48,MAPPO,4000000.0,academy_3_vs_1_with_keeper
10,0.8,MAPPO,4400000.0,academy_3_vs_1_with_keeper
11,0.62,MAPPO,4800000.0,academy_3_vs_1_with_keeper
12,0.69,MAPPO,5200000.0,academy_3_vs_1_with_keeper
13,0.82,MAPPO,5600000.0,academy_3_vs_1_with_keeper
14,0.7,MAPPO,6000000.0,academy_3_vs_1_with_keeper
15,0.74,MAPPO,6400000.0,academy_3_vs_1_with_keeper
16,0.73,MAPPO,6800000.0,academy_3_vs_1_with_keeper
17,0.81,MAPPO,7200000.0,academy_3_vs_1_with_keeper
18,0.72,MAPPO,7600000.0,academy_3_vs_1_with_keeper
19,0.56,MAPPO,8000000.0,academy_3_vs_1_with_keeper
20,0.6,MAPPO,8400000.0,academy_3_vs_1_with_keeper
21,0.57,MAPPO,8800000.0,academy_3_vs_1_with_keeper
22,0.69,MAPPO,9200000.0,academy_3_vs_1_with_keeper
23,0.86,MAPPO,9600000.0,academy_3_vs_1_with_keeper
24,0.7,MAPPO,10000000.0,academy_3_vs_1_with_keeper
25,0.74,MAPPO,10400000.0,academy_3_vs_1_with_keeper
26,0.64,MAPPO,10800000.0,academy_3_vs_1_with_keeper
27,0.65,MAPPO,11200000.0,academy_3_vs_1_with_keeper
28,0.72,MAPPO,11600000.0,academy_3_vs_1_with_keeper
29,0.69,MAPPO,12000000.0,academy_3_vs_1_with_keeper
30,0.71,MAPPO,12400000.0,academy_3_vs_1_with_keeper
31,0.6,MAPPO,12800000.0,academy_3_vs_1_with_keeper
32,0.68,MAPPO,13200000.0,academy_3_vs_1_with_keeper
33,0.77,MAPPO,13600000.0,academy_3_vs_1_with_keeper
34,0.67,MAPPO,14000000.0,academy_3_vs_1_with_keeper
35,0.72,MAPPO,14400000.0,academy_3_vs_1_with_keeper
36,0.68,MAPPO,14800000.0,academy_3_vs_1_with_keeper
37,0.71,MAPPO,15200000.0,academy_3_vs_1_with_keeper
38,0.63,MAPPO,15600000.0,academy_3_vs_1_with_keeper
39,0.73,MAPPO,16000000.0,academy_3_vs_1_with_keeper
40,0.76,MAPPO,16400000.0,academy_3_vs_1_with_keeper
41,0.71,MAPPO,16800000.0,academy_3_vs_1_with_keeper
42,0.69,MAPPO,17200000.0,academy_3_vs_1_with_keeper
43,0.76,MAPPO,17600000.0,academy_3_vs_1_with_keeper
44,0.73,MAPPO,18000000.0,academy_3_vs_1_with_keeper
45,0.74,MAPPO,18400000.0,academy_3_vs_1_with_keeper
46,0.72,MAPPO,18800000.0,academy_3_vs_1_with_keeper
47,0.67,MAPPO,19200000.0,academy_3_vs_1_with_keeper
48,0.73,MAPPO,19600000.0,academy_3_vs_1_with_keeper
49,0.72,MAPPO,20000000.0,academy_3_vs_1_with_keeper
0,0.0,MAPPO,400000.0,academy_3_vs_1_with_keeper
1,0.05,MAPPO,800000.0,academy_3_vs_1_with_keeper
2,0.01,MAPPO,1200000.0,academy_3_vs_1_with_keeper
3,0.26,MAPPO,1600000.0,academy_3_vs_1_with_keeper
4,0.13,MAPPO,2000000.0,academy_3_vs_1_with_keeper
5,0.23,MAPPO,2400000.0,academy_3_vs_1_with_keeper
6,0.3,MAPPO,2800000.0,academy_3_vs_1_with_keeper
7,0.51,MAPPO,3200000.0,academy_3_vs_1_with_keeper
8,0.67,MAPPO,3600000.0,academy_3_vs_1_with_keeper
9,0.74,MAPPO,4000000.0,academy_3_vs_1_with_keeper
10,0.81,MAPPO,4400000.0,academy_3_vs_1_with_keeper
11,0.73,MAPPO,4800000.0,academy_3_vs_1_with_keeper
12,0.9,MAPPO,5200000.0,academy_3_vs_1_with_keeper
13,0.87,MAPPO,5600000.0,academy_3_vs_1_with_keeper
14,0.9,MAPPO,6000000.0,academy_3_vs_1_with_keeper
15,0.76,MAPPO,6400000.0,academy_3_vs_1_with_keeper
16,0.86,MAPPO,6800000.0,academy_3_vs_1_with_keeper
17,0.82,MAPPO,7200000.0,academy_3_vs_1_with_keeper
18,0.83,MAPPO,7600000.0,academy_3_vs_1_with_keeper
19,0.85,MAPPO,8000000.0,academy_3_vs_1_with_keeper
20,0.88,MAPPO,8400000.0,academy_3_vs_1_with_keeper
21,0.74,MAPPO,8800000.0,academy_3_vs_1_with_keeper
22,0.76,MAPPO,9200000.0,academy_3_vs_1_with_keeper
23,0.79,MAPPO,9600000.0,academy_3_vs_1_with_keeper
24,0.85,MAPPO,10000000.0,academy_3_vs_1_with_keeper
25,0.85,MAPPO,10400000.0,academy_3_vs_1_with_keeper
26,0.9,MAPPO,10800000.0,academy_3_vs_1_with_keeper
27,0.91,MAPPO,11200000.0,academy_3_vs_1_with_keeper
28,0.8,MAPPO,11600000.0,academy_3_vs_1_with_keeper
29,0.87,MAPPO,12000000.0,academy_3_vs_1_with_keeper
30,0.82,MAPPO,12400000.0,academy_3_vs_1_with_keeper
31,0.78,MAPPO,12800000.0,academy_3_vs_1_with_keeper
32,0.74,MAPPO,13200000.0,academy_3_vs_1_with_keeper
33,0.81,MAPPO,13600000.0,academy_3_vs_1_with_keeper
34,0.76,MAPPO,14000000.0,academy_3_vs_1_with_keeper
35,0.84,MAPPO,14400000.0,academy_3_vs_1_with_keeper
36,0.8,MAPPO,14800000.0,academy_3_vs_1_with_keeper
37,0.89,MAPPO,15200000.0,academy_3_vs_1_with_keeper
38,0.82,MAPPO,15600000.0,academy_3_vs_1_with_keeper
39,0.82,MAPPO,16000000.0,academy_3_vs_1_with_keeper
40,0.92,MAPPO,16400000.0,academy_3_vs_1_with_keeper
41,0.82,MAPPO,16800000.0,academy_3_vs_1_with_keeper
42,0.84,MAPPO,17200000.0,academy_3_vs_1_with_keeper
43,0.87,MAPPO,17600000.0,academy_3_vs_1_with_keeper
44,0.82,MAPPO,18000000.0,academy_3_vs_1_with_keeper
45,0.88,MAPPO,18400000.0,academy_3_vs_1_with_keeper
46,0.84,MAPPO,18800000.0,academy_3_vs_1_with_keeper
47,0.89,MAPPO,19200000.0,academy_3_vs_1_with_keeper
48,0.82,MAPPO,19600000.0,academy_3_vs_1_with_keeper
49,0.88,MAPPO,20000000.0,academy_3_vs_1_with_keeper
0,0.01,MAPPO,400000.0,academy_3_vs_1_with_keeper
1,0.09,MAPPO,800000.0,academy_3_vs_1_with_keeper
2,0.53,MAPPO,1200000.0,academy_3_vs_1_with_keeper
3,0.34,MAPPO,1600000.0,academy_3_vs_1_with_keeper
4,0.65,MAPPO,2000000.0,academy_3_vs_1_with_keeper
5,0.65,MAPPO,2400000.0,academy_3_vs_1_with_keeper
6,0.81,MAPPO,2800000.0,academy_3_vs_1_with_keeper
7,0.78,MAPPO,3200000.0,academy_3_vs_1_with_keeper
8,0.69,MAPPO,3600000.0,academy_3_vs_1_with_keeper
9,0.67,MAPPO,4000000.0,academy_3_vs_1_with_keeper
10,0.7,MAPPO,4400000.0,academy_3_vs_1_with_keeper
11,0.78,MAPPO,4800000.0,academy_3_vs_1_with_keeper
12,0.76,MAPPO,5200000.0,academy_3_vs_1_with_keeper
13,0.83,MAPPO,5600000.0,academy_3_vs_1_with_keeper
14,0.79,MAPPO,6000000.0,academy_3_vs_1_with_keeper
15,0.91,MAPPO,6400000.0,academy_3_vs_1_with_keeper
16,0.76,MAPPO,6800000.0,academy_3_vs_1_with_keeper
17,0.78,MAPPO,7200000.0,academy_3_vs_1_with_keeper
18,0.8,MAPPO,7600000.0,academy_3_vs_1_with_keeper
19,0.78,MAPPO,8000000.0,academy_3_vs_1_with_keeper
20,0.92,MAPPO,8400000.0,academy_3_vs_1_with_keeper
21,0.82,MAPPO,8800000.0,academy_3_vs_1_with_keeper
22,0.81,MAPPO,9200000.0,academy_3_vs_1_with_keeper
23,0.83,MAPPO,9600000.0,academy_3_vs_1_with_keeper
24,0.8,MAPPO,10000000.0,academy_3_vs_1_with_keeper
25,0.82,MAPPO,10400000.0,academy_3_vs_1_with_keeper
26,0.88,MAPPO,10800000.0,academy_3_vs_1_with_keeper
27,0.78,MAPPO,11200000.0,academy_3_vs_1_with_keeper
28,0.83,MAPPO,11600000.0,academy_3_vs_1_with_keeper
29,0.87,MAPPO,12000000.0,academy_3_vs_1_with_keeper
30,0.8,MAPPO,12400000.0,academy_3_vs_1_with_keeper
31,0.75,MAPPO,12800000.0,academy_3_vs_1_with_keeper
32,0.75,MAPPO,13200000.0,academy_3_vs_1_with_keeper
33,0.79,MAPPO,13600000.0,academy_3_vs_1_with_keeper
34,0.91,MAPPO,14000000.0,academy_3_vs_1_with_keeper
35,0.84,MAPPO,14400000.0,academy_3_vs_1_with_keeper
36,0.74,MAPPO,14800000.0,academy_3_vs_1_with_keeper
37,0.89,MAPPO,15200000.0,academy_3_vs_1_with_keeper
38,0.87,MAPPO,15600000.0,academy_3_vs_1_with_keeper
39,0.83,MAPPO,16000000.0,academy_3_vs_1_with_keeper
40,0.76,MAPPO,16400000.0,academy_3_vs_1_with_keeper
41,0.78,MAPPO,16800000.0,academy_3_vs_1_with_keeper
42,0.82,MAPPO,17200000.0,academy_3_vs_1_with_keeper
43,0.93,MAPPO,17600000.0,academy_3_vs_1_with_keeper
44,0.84,MAPPO,18000000.0,academy_3_vs_1_with_keeper
45,0.87,MAPPO,18400000.0,academy_3_vs_1_with_keeper
46,0.86,MAPPO,18800000.0,academy_3_vs_1_with_keeper
47,0.88,MAPPO,19200000.0,academy_3_vs_1_with_keeper
48,0.9,MAPPO,19600000.0,academy_3_vs_1_with_keeper
49,0.86,MAPPO,20000000.0,academy_3_vs_1_with_keeper
0,0.0,HAPPO,400000.0,academy_3_vs_1_with_keeper
1,0.0,HAPPO,800000.0,academy_3_vs_1_with_keeper
2,0.21,HAPPO,1200000.0,academy_3_vs_1_with_keeper
3,0.38,HAPPO,1600000.0,academy_3_vs_1_with_keeper
4,0.9,HAPPO,2000000.0,academy_3_vs_1_with_keeper
5,0.74,HAPPO,2400000.0,academy_3_vs_1_with_keeper
6,0.73,HAPPO,2800000.0,academy_3_vs_1_with_keeper
7,0.75,HAPPO,3200000.0,academy_3_vs_1_with_keeper
8,0.8,HAPPO,3600000.0,academy_3_vs_1_with_keeper
9,0.82,HAPPO,4000000.0,academy_3_vs_1_with_keeper
10,0.76,HAPPO,4400000.0,academy_3_vs_1_with_keeper
11,0.84,HAPPO,4800000.0,academy_3_vs_1_with_keeper
12,0.69,HAPPO,5200000.0,academy_3_vs_1_with_keeper
13,0.88,HAPPO,5600000.0,academy_3_vs_1_with_keeper
14,0.74,HAPPO,6000000.0,academy_3_vs_1_with_keeper
15,0.76,HAPPO,6400000.0,academy_3_vs_1_with_keeper
16,0.87,HAPPO,6800000.0,academy_3_vs_1_with_keeper
17,0.79,HAPPO,7200000.0,academy_3_vs_1_with_keeper
18,0.84,HAPPO,7600000.0,academy_3_vs_1_with_keeper
19,0.79,HAPPO,8000000.0,academy_3_vs_1_with_keeper
20,0.86,HAPPO,8400000.0,academy_3_vs_1_with_keeper
21,0.85,HAPPO,8800000.0,academy_3_vs_1_with_keeper
22,0.77,HAPPO,9200000.0,academy_3_vs_1_with_keeper
23,0.81,HAPPO,9600000.0,academy_3_vs_1_with_keeper
24,0.81,HAPPO,10000000.0,academy_3_vs_1_with_keeper
25,0.82,HAPPO,10400000.0,academy_3_vs_1_with_keeper
26,0.86,HAPPO,10800000.0,academy_3_vs_1_with_keeper
27,0.9,HAPPO,11200000.0,academy_3_vs_1_with_keeper
28,0.85,HAPPO,11600000.0,academy_3_vs_1_with_keeper
29,0.77,HAPPO,12000000.0,academy_3_vs_1_with_keeper
30,0.82,HAPPO,12400000.0,academy_3_vs_1_with_keeper
31,0.86,HAPPO,12800000.0,academy_3_vs_1_with_keeper
32,0.83,HAPPO,13200000.0,academy_3_vs_1_with_keeper
33,0.8,HAPPO,13600000.0,academy_3_vs_1_with_keeper
34,0.78,HAPPO,14000000.0,academy_3_vs_1_with_keeper
35,0.87,HAPPO,14400000.0,academy_3_vs_1_with_keeper
36,0.74,HAPPO,14800000.0,academy_3_vs_1_with_keeper
37,0.73,HAPPO,15200000.0,academy_3_vs_1_with_keeper
38,0.81,HAPPO,15600000.0,academy_3_vs_1_with_keeper
39,0.8,HAPPO,16000000.0,academy_3_vs_1_with_keeper
40,0.78,HAPPO,16400000.0,academy_3_vs_1_with_keeper
41,0.82,HAPPO,16800000.0,academy_3_vs_1_with_keeper
42,0.84,HAPPO,17200000.0,academy_3_vs_1_with_keeper
43,0.79,HAPPO,17600000.0,academy_3_vs_1_with_keeper
44,0.81,HAPPO,18000000.0,academy_3_vs_1_with_keeper
45,0.78,HAPPO,18400000.0,academy_3_vs_1_with_keeper
46,0.7,HAPPO,18800000.0,academy_3_vs_1_with_keeper
47,0.88,HAPPO,19200000.0,academy_3_vs_1_with_keeper
48,0.83,HAPPO,19600000.0,academy_3_vs_1_with_keeper
49,0.89,HAPPO,20000000.0,academy_3_vs_1_with_keeper
0,0.24,HAPPO,400000.0,academy_3_vs_1_with_keeper
1,0.01,HAPPO,800000.0,academy_3_vs_1_with_keeper
2,0.45,HAPPO,1200000.0,academy_3_vs_1_with_keeper
3,0.34,HAPPO,1600000.0,academy_3_vs_1_with_keeper
4,0.66,HAPPO,2000000.0,academy_3_vs_1_with_keeper
5,0.6,HAPPO,2400000.0,academy_3_vs_1_with_keeper
6,0.73,HAPPO,2800000.0,academy_3_vs_1_with_keeper
7,0.55,HAPPO,3200000.0,academy_3_vs_1_with_keeper
8,0.74,HAPPO,3600000.0,academy_3_vs_1_with_keeper
9,0.77,HAPPO,4000000.0,academy_3_vs_1_with_keeper
10,0.81,HAPPO,4400000.0,academy_3_vs_1_with_keeper
11,0.76,HAPPO,4800000.0,academy_3_vs_1_with_keeper
12,0.74,HAPPO,5200000.0,academy_3_vs_1_with_keeper
13,0.72,HAPPO,5600000.0,academy_3_vs_1_with_keeper
14,0.73,HAPPO,6000000.0,academy_3_vs_1_with_keeper
15,0.75,HAPPO,6400000.0,academy_3_vs_1_with_keeper
16,0.73,HAPPO,6800000.0,academy_3_vs_1_with_keeper
17,0.8,HAPPO,7200000.0,academy_3_vs_1_with_keeper
18,0.74,HAPPO,7600000.0,academy_3_vs_1_with_keeper
19,0.8,HAPPO,8000000.0,academy_3_vs_1_with_keeper
20,0.73,HAPPO,8400000.0,academy_3_vs_1_with_keeper
21,0.84,HAPPO,8800000.0,academy_3_vs_1_with_keeper
22,0.77,HAPPO,9200000.0,academy_3_vs_1_with_keeper
23,0.77,HAPPO,9600000.0,academy_3_vs_1_with_keeper
24,0.83,HAPPO,10000000.0,academy_3_vs_1_with_keeper
25,0.76,HAPPO,10400000.0,academy_3_vs_1_with_keeper
26,0.81,HAPPO,10800000.0,academy_3_vs_1_with_keeper
27,0.77,HAPPO,11200000.0,academy_3_vs_1_with_keeper
28,0.76,HAPPO,11600000.0,academy_3_vs_1_with_keeper
29,0.68,HAPPO,12000000.0,academy_3_vs_1_with_keeper
30,0.6,HAPPO,12400000.0,academy_3_vs_1_with_keeper
31,0.75,HAPPO,12800000.0,academy_3_vs_1_with_keeper
32,0.83,HAPPO,13200000.0,academy_3_vs_1_with_keeper
33,0.77,HAPPO,13600000.0,academy_3_vs_1_with_keeper
34,0.79,HAPPO,14000000.0,academy_3_vs_1_with_keeper
35,0.77,HAPPO,14400000.0,academy_3_vs_1_with_keeper
36,0.83,HAPPO,14800000.0,academy_3_vs_1_with_keeper
37,0.8,HAPPO,15200000.0,academy_3_vs_1_with_keeper
38,0.78,HAPPO,15600000.0,academy_3_vs_1_with_keeper
39,0.64,HAPPO,16000000.0,academy_3_vs_1_with_keeper
40,0.77,HAPPO,16400000.0,academy_3_vs_1_with_keeper
41,0.67,HAPPO,16800000.0,academy_3_vs_1_with_keeper
42,0.67,HAPPO,17200000.0,academy_3_vs_1_with_keeper
43,0.76,HAPPO,17600000.0,academy_3_vs_1_with_keeper
44,0.63,HAPPO,18000000.0,academy_3_vs_1_with_keeper
45,0.73,HAPPO,18400000.0,academy_3_vs_1_with_keeper
46,0.68,HAPPO,18800000.0,academy_3_vs_1_with_keeper
47,0.75,HAPPO,19200000.0,academy_3_vs_1_with_keeper
48,0.7,HAPPO,19600000.0,academy_3_vs_1_with_keeper
49,0.67,HAPPO,20000000.0,academy_3_vs_1_with_keeper
0,0.0,HAPPO,400000.0,academy_3_vs_1_with_keeper
1,0.13,HAPPO,800000.0,academy_3_vs_1_with_keeper
2,0.01,HAPPO,1200000.0,academy_3_vs_1_with_keeper
3,0.14,HAPPO,1600000.0,academy_3_vs_1_with_keeper
4,0.06,HAPPO,2000000.0,academy_3_vs_1_with_keeper
5,0.15,HAPPO,2400000.0,academy_3_vs_1_with_keeper
6,0.31,HAPPO,2800000.0,academy_3_vs_1_with_keeper
7,0.3,HAPPO,3200000.0,academy_3_vs_1_with_keeper
8,0.5,HAPPO,3600000.0,academy_3_vs_1_with_keeper
9,0.41,HAPPO,4000000.0,academy_3_vs_1_with_keeper
10,0.47,HAPPO,4400000.0,academy_3_vs_1_with_keeper
11,0.38,HAPPO,4800000.0,academy_3_vs_1_with_keeper
12,0.52,HAPPO,5200000.0,academy_3_vs_1_with_keeper
13,0.48,HAPPO,5600000.0,academy_3_vs_1_with_keeper
14,0.5,HAPPO,6000000.0,academy_3_vs_1_with_keeper
15,0.47,HAPPO,6400000.0,academy_3_vs_1_with_keeper
16,0.42,HAPPO,6800000.0,academy_3_vs_1_with_keeper
17,0.58,HAPPO,7200000.0,academy_3_vs_1_with_keeper
18,0.63,HAPPO,7600000.0,academy_3_vs_1_with_keeper
19,0.53,HAPPO,8000000.0,academy_3_vs_1_with_keeper
20,0.49,HAPPO,8400000.0,academy_3_vs_1_with_keeper
21,0.55,HAPPO,8800000.0,academy_3_vs_1_with_keeper
22,0.54,HAPPO,9200000.0,academy_3_vs_1_with_keeper
23,0.45,HAPPO,9600000.0,academy_3_vs_1_with_keeper
24,0.48,HAPPO,10000000.0,academy_3_vs_1_with_keeper
25,0.6,HAPPO,10400000.0,academy_3_vs_1_with_keeper
26,0.59,HAPPO,10800000.0,academy_3_vs_1_with_keeper
27,0.57,HAPPO,11200000.0,academy_3_vs_1_with_keeper
28,0.35,HAPPO,11600000.0,academy_3_vs_1_with_keeper
29,0.6,HAPPO,12000000.0,academy_3_vs_1_with_keeper
30,0.56,HAPPO,12400000.0,academy_3_vs_1_with_keeper
31,0.49,HAPPO,12800000.0,academy_3_vs_1_with_keeper
32,0.58,HAPPO,13200000.0,academy_3_vs_1_with_keeper
33,0.56,HAPPO,13600000.0,academy_3_vs_1_with_keeper
34,0.53,HAPPO,14000000.0,academy_3_vs_1_with_keeper
35,0.54,HAPPO,14400000.0,academy_3_vs_1_with_keeper
36,0.57,HAPPO,14800000.0,academy_3_vs_1_with_keeper
37,0.6,HAPPO,15200000.0,academy_3_vs_1_with_keeper
38,0.51,HAPPO,15600000.0,academy_3_vs_1_with_keeper
39,0.56,HAPPO,16000000.0,academy_3_vs_1_with_keeper
40,0.57,HAPPO,16400000.0,academy_3_vs_1_with_keeper
41,0.66,HAPPO,16800000.0,academy_3_vs_1_with_keeper
42,0.61,HAPPO,17200000.0,academy_3_vs_1_with_keeper
43,0.54,HAPPO,17600000.0,academy_3_vs_1_with_keeper
44,0.66,HAPPO,18000000.0,academy_3_vs_1_with_keeper
45,0.68,HAPPO,18400000.0,academy_3_vs_1_with_keeper
46,0.62,HAPPO,18800000.0,academy_3_vs_1_with_keeper
47,0.49,HAPPO,19200000.0,academy_3_vs_1_with_keeper
48,0.58,HAPPO,19600000.0,academy_3_vs_1_with_keeper
49,0.52,HAPPO,20000000.0,academy_3_vs_1_with_keeper
0,0.0,HAPPO,400000.0,academy_3_vs_1_with_keeper
1,0.01,HAPPO,800000.0,academy_3_vs_1_with_keeper
2,0.05,HAPPO,1200000.0,academy_3_vs_1_with_keeper
3,0.22,HAPPO,1600000.0,academy_3_vs_1_with_keeper
4,0.15,HAPPO,2000000.0,academy_3_vs_1_with_keeper
5,0.13,HAPPO,2400000.0,academy_3_vs_1_with_keeper
6,0.04,HAPPO,2800000.0,academy_3_vs_1_with_keeper
7,0.22,HAPPO,3200000.0,academy_3_vs_1_with_keeper
8,0.28,HAPPO,3600000.0,academy_3_vs_1_with_keeper
9,0.36,HAPPO,4000000.0,academy_3_vs_1_with_keeper
10,0.38,HAPPO,4400000.0,academy_3_vs_1_with_keeper
11,0.36,HAPPO,4800000.0,academy_3_vs_1_with_keeper
12,0.57,HAPPO,5200000.0,academy_3_vs_1_with_keeper
13,0.56,HAPPO,5600000.0,academy_3_vs_1_with_keeper
14,0.56,HAPPO,6000000.0,academy_3_vs_1_with_keeper
15,0.47,HAPPO,6400000.0,academy_3_vs_1_with_keeper
16,0.6,HAPPO,6800000.0,academy_3_vs_1_with_keeper
17,0.44,HAPPO,7200000.0,academy_3_vs_1_with_keeper
18,0.62,HAPPO,7600000.0,academy_3_vs_1_with_keeper
19,0.33,HAPPO,8000000.0,academy_3_vs_1_with_keeper
20,0.5,HAPPO,8400000.0,academy_3_vs_1_with_keeper
21,0.49,HAPPO,8800000.0,academy_3_vs_1_with_keeper
22,0.66,HAPPO,9200000.0,academy_3_vs_1_with_keeper
23,0.53,HAPPO,9600000.0,academy_3_vs_1_with_keeper
24,0.63,HAPPO,10000000.0,academy_3_vs_1_with_keeper
25,0.51,HAPPO,10400000.0,academy_3_vs_1_with_keeper
26,0.38,HAPPO,10800000.0,academy_3_vs_1_with_keeper
27,0.61,HAPPO,11200000.0,academy_3_vs_1_with_keeper
28,0.49,HAPPO,11600000.0,academy_3_vs_1_with_keeper
29,0.59,HAPPO,12000000.0,academy_3_vs_1_with_keeper
30,0.58,HAPPO,12400000.0,academy_3_vs_1_with_keeper
31,0.48,HAPPO,12800000.0,academy_3_vs_1_with_keeper
32,0.54,HAPPO,13200000.0,academy_3_vs_1_with_keeper
33,0.59,HAPPO,13600000.0,academy_3_vs_1_with_keeper
34,0.5,HAPPO,14000000.0,academy_3_vs_1_with_keeper
35,0.4,HAPPO,14400000.0,academy_3_vs_1_with_keeper
36,0.62,HAPPO,14800000.0,academy_3_vs_1_with_keeper
37,0.44,HAPPO,15200000.0,academy_3_vs_1_with_keeper
38,0.58,HAPPO,15600000.0,academy_3_vs_1_with_keeper
39,0.48,HAPPO,16000000.0,academy_3_vs_1_with_keeper
40,0.51,HAPPO,16400000.0,academy_3_vs_1_with_keeper
41,0.52,HAPPO,16800000.0,academy_3_vs_1_with_keeper
42,0.64,HAPPO,17200000.0,academy_3_vs_1_with_keeper
43,0.58,HAPPO,17600000.0,academy_3_vs_1_with_keeper
44,0.58,HAPPO,18000000.0,academy_3_vs_1_with_keeper
45,0.46,HAPPO,18400000.0,academy_3_vs_1_with_keeper
46,0.64,HAPPO,18800000.0,academy_3_vs_1_with_keeper
47,0.55,HAPPO,19200000.0,academy_3_vs_1_with_keeper
48,0.65,HAPPO,19600000.0,academy_3_vs_1_with_keeper
49,0.61,HAPPO,20000000.0,academy_3_vs_1_with_keeper
0,0.01,HAPPO,400000.0,academy_3_vs_1_with_keeper
1,0.0,HAPPO,800000.0,academy_3_vs_1_with_keeper
2,0.01,HAPPO,1200000.0,academy_3_vs_1_with_keeper
3,0.06,HAPPO,1600000.0,academy_3_vs_1_with_keeper
4,0.11,HAPPO,2000000.0,academy_3_vs_1_with_keeper
5,0.23,HAPPO,2400000.0,academy_3_vs_1_with_keeper
6,0.33,HAPPO,2800000.0,academy_3_vs_1_with_keeper
7,0.42,HAPPO,3200000.0,academy_3_vs_1_with_keeper
8,0.38,HAPPO,3600000.0,academy_3_vs_1_with_keeper
9,0.41,HAPPO,4000000.0,academy_3_vs_1_with_keeper
10,0.57,HAPPO,4400000.0,academy_3_vs_1_with_keeper
11,0.62,HAPPO,4800000.0,academy_3_vs_1_with_keeper
12,0.52,HAPPO,5200000.0,academy_3_vs_1_with_keeper
13,0.68,HAPPO,5600000.0,academy_3_vs_1_with_keeper
14,0.61,HAPPO,6000000.0,academy_3_vs_1_with_keeper
15,0.61,HAPPO,6400000.0,academy_3_vs_1_with_keeper
16,0.58,HAPPO,6800000.0,academy_3_vs_1_with_keeper
17,0.58,HAPPO,7200000.0,academy_3_vs_1_with_keeper
18,0.59,HAPPO,7600000.0,academy_3_vs_1_with_keeper
19,0.5,HAPPO,8000000.0,academy_3_vs_1_with_keeper
20,0.54,HAPPO,8400000.0,academy_3_vs_1_with_keeper
21,0.72,HAPPO,8800000.0,academy_3_vs_1_with_keeper
22,0.59,HAPPO,9200000.0,academy_3_vs_1_with_keeper
23,0.64,HAPPO,9600000.0,academy_3_vs_1_with_keeper
24,0.54,HAPPO,10000000.0,academy_3_vs_1_with_keeper
25,0.56,HAPPO,10400000.0,academy_3_vs_1_with_keeper
26,0.6,HAPPO,10800000.0,academy_3_vs_1_with_keeper
27,0.56,HAPPO,11200000.0,academy_3_vs_1_with_keeper
28,0.5,HAPPO,11600000.0,academy_3_vs_1_with_keeper
29,0.61,HAPPO,12000000.0,academy_3_vs_1_with_keeper
30,0.49,HAPPO,12400000.0,academy_3_vs_1_with_keeper
31,0.56,HAPPO,12800000.0,academy_3_vs_1_with_keeper
32,0.55,HAPPO,13200000.0,academy_3_vs_1_with_keeper
33,0.53,HAPPO,13600000.0,academy_3_vs_1_with_keeper
34,0.75,HAPPO,14000000.0,academy_3_vs_1_with_keeper
35,0.62,HAPPO,14400000.0,academy_3_vs_1_with_keeper
36,0.63,HAPPO,14800000.0,academy_3_vs_1_with_keeper
37,0.78,HAPPO,15200000.0,academy_3_vs_1_with_keeper
38,0.67,HAPPO,15600000.0,academy_3_vs_1_with_keeper
39,0.68,HAPPO,16000000.0,academy_3_vs_1_with_keeper
40,0.64,HAPPO,16400000.0,academy_3_vs_1_with_keeper
41,0.64,HAPPO,16800000.0,academy_3_vs_1_with_keeper
42,0.64,HAPPO,17200000.0,academy_3_vs_1_with_keeper
43,0.61,HAPPO,17600000.0,academy_3_vs_1_with_keeper
44,0.63,HAPPO,18000000.0,academy_3_vs_1_with_keeper
45,0.77,HAPPO,18400000.0,academy_3_vs_1_with_keeper
46,0.55,HAPPO,18800000.0,academy_3_vs_1_with_keeper
47,0.59,HAPPO,19200000.0,academy_3_vs_1_with_keeper
48,0.66,HAPPO,19600000.0,academy_3_vs_1_with_keeper
49,0.67,HAPPO,20000000.0,academy_3_vs_1_with_keeper
